{"_wandb":{"runtime":916},"precision_macro":0.7358735671835319,"recall_macro":0.7330595059181286,"_timestamp":1.7482085167860823e+09,"_runtime":916.882927477,"_step":0,"accuracy":0.7503195073777158,"f1_macro":0.7343547094589303}