{"_runtime":965.385566142,"_step":0,"accuracy":0.7230161496456373,"f1_macro":0.6958801849842082,"_wandb":{"runtime":965},"precision_macro":0.7080504081006032,"recall_macro":0.6909425634079502,"_timestamp":1.7482449582987509e+09}