{"precision_macro":0.7017884649463597,"recall_macro":0.6927619049359641,"_timestamp":1.7482067182272193e+09,"_runtime":702.40328406,"_step":0,"accuracy":0.7186011386081097,"f1_macro":0.6960378950428325,"_wandb":{"runtime":702}}