{"precision_macro":0.7266694688932611,"_wandb":{"runtime":879},"recall_macro":0.7239079695897249,"_timestamp":1.7482075987198474e+09,"_runtime":879.336490411,"_step":0,"accuracy":0.7417218543046358,"f1_macro":0.7251739858019054}