{"_wandb":{"runtime":710},"recall_macro":0.6521793661141115,"_timestamp":1.74820922889938e+09,"_runtime":710.435750209,"_step":0,"accuracy":0.6968746369234344,"f1_macro":0.6562769393892013,"precision_macro":0.6811631144607344}