{"top_k":7,"precision_macro":0.7391480746150468,"_runtime":7811.457709195,"f1_macro":0.7307744395695801,"_step":8,"max_input_tokens":1024,"_wandb":{"runtime":7811},"_timestamp":1.7482046162439e+09,"recall_macro":0.7261291597126566,"accuracy":0.7518299058905542}