{"recall_macro":0.5856007470865692,"_timestamp":1.748243991622245e+09,"_runtime":711.386492501,"_step":0,"accuracy":0.6621354711281515,"f1_macro":0.569238495371438,"_wandb":{"runtime":711},"precision_macro":0.6565964095855832}