{"recall_macro":0.7206230743564968,"_timestamp":1.7482477936690195e+09,"_runtime":2834.12956428,"_step":0,"accuracy":0.7469501568490763,"f1_macro":0.7252476692863585,"_wandb":{"runtime":2834},"precision_macro":0.7338020279467599}