{"_timestamp":1.7482432790121934e+09,"_runtime":982.345711599,"_wandb":{"runtime":982},"_step":0,"accuracy":0.749738584872778,"f1_macro":0.7312940927792544,"precision_macro":0.7356880137358273,"recall_macro":0.7282815569656935}